<modification>
    <id><![CDATA[Multisafepay Fastcheckout]]></id>
    <version><![CDATA[2.2.0]]></version>
    <vqmver><![CDATA[2.3.2]]></vqmver>
    <author><![CDATA[MultiSafepay]]></author>
    <file name="catalog/controller/checkout/cart.php">
        <operation>
            <search position="after"><![CDATA[
                public function index() {
                ]]></search>
                        
            <add><![CDATA[
		//Adding fastcheckout
       		$storeid = $this->config->get('config_store_id');
		if ($this->config->get('payment_multisafepay_account_type_'.$storeid) == 'fastcheckout') {
                    $data['multisafepay_fastcheckout'] = $this->url->link('extension/payment/multisafepay_fastcheckout');
                } else {
                    $data['multisafepay_fastcheckout'] = '';
                }
                if ($this->config->get('payment_multisafepay_enable_checkout_button_connect_'.$storeid) ) {
                    $data['enable_checkout_button_connect'] = true;
                    $data['multisafepay_fastcheckout'] = $this->url->link('extension/payment/multisafepay_fastcheckout');
                } else {
                    $data['enable_checkout_button_connect'] = false;
                }

                //Ending Fastcheckout
                ]]></add>
        </operation>
    </file>
    <file name="catalog/controller/checkout/checkout.php">
        <operation>
            <search position="after"><![CDATA[
                public function index() {
                ]]></search>
                        
            <add><![CDATA[
                $storeid = $this->config->get('config_store_id');
                if ($this->config->get('payment_multisafepay_account_type_'.$storeid) == 'fastcheckout') {
                    $data['multisafepay_fastcheckout'] = $this->url->link('extension/payment/multisafepay_fastcheckout');
                } else {
                    $data['multisafepay_fastcheckout'] = '';
                }
                if ($this->config->get('payment_multisafepay_enable_checkout_button_connect_'.$storeid) ) {
                    $data['enable_checkout_button_connect'] = true;
                    $data['multisafepay_fastcheckout'] = $this->url->link('extension/payment/multisafepay_fastcheckout');
                } else {
                    $data['enable_checkout_button_connect'] = false;
                }
                //Ending Fastcheckout
                ]]></add>
        </operation>
    </file>

    <file name="catalog/view/theme/*/template/checkout/cart.twig">
        <operation>
            <search position="before"><![CDATA[
                 {{ heading_title }}
                ]]></search>
                        
            <add><![CDATA[
                {% if multisafepay_fastcheckout and enable_checkout_button_connect %}
                    <div class="right">
                        <a href="{{ multisafepay_fastcheckout }}" id="fastcheckout-link"> 
                            <img src="image/msp/button.png" width="219" height="59" style="float: right;margin-bottom:15px;" hspace="6" alt="MultiSafepay fast checkout" title="Multisafepay fast checkout" border="0" />
                        </a>
                    </div>
                {% endif %}
                ]]></add>
        </operation>
    </file>
    <file name="catalog/view/theme/*/template/checkout/checkout.twig">
        <operation>
           <search position="before"><![CDATA[
                {{ content_bottom }}
                ]]></search>
                        
            <add><![CDATA[
                {% if multisafepay_fastcheckout and enable_checkout_button_connect %}
                        <a href="{{ multisafepay_fastcheckout }}" id="fastcheckout-link"> 
                            <img src="image/msp/button.png" width="219" height="59" style="float: right;margin-bottom:15px;" hspace="6" alt="MultiSafepay fast checkout" title="Multisafepay fast checkout" border="0" />
                        </a>
                    </div>
                {% endif %}
                ]]></add>
        </operation>
    </file>
</modification>
